campaign_id,channel,spend,impressions,conversions,roi_positive
1,email,220.65,414.04,73.01,0
2,email,484.42,279.42,378.98,1
3,display,178.98,279.04,481.71,1
4,display,52.16,320.3,318.27,0
5,social,101.17,295.59,228.26,0
6,social,133.02,242.84,285.91,0
7,search,230.24,336.69,35.28,0
8,email,99.68,97.36,89.4,0
9,search,95.23,258.23,44.43,0
10,search,476.39,113.16,173.1,0
11,social,119.24,306.44,70.66,0
12,display,229.76,97.82,271.25,0
13,email,319.69,15.35,424.38,0
14,social,35.82,227.17,396.53,0
15,display,137.12,292.08,14.86,0
16,email,97.38,232.42,116.98,0
17,search,89.14,203.34,79.64,0
18,email,295.05,182.6,422.36,1
19,display,56.43,490.52,172.32,0
20,email,112.95,137.91,294.58,0
21,email,70.85,19.57,129.68,0
22,social,157.42,480.86,454.43,1
23,search,278.26,117.15,378.02,0
24,email,335.36,410.84,291.72,1
25,email,201.8,410.04,316.6,1
26,search,119.0,368.46,432.68,1
27,search,312.62,329.11,223.98,1
28,social,111.51,40.03,251.66,0
29,display,388.62,127.67,375.46,1
30,social,102.62,438.69,44.4,0
31,social,72.63,419.57,152.51,0
32,search,140.76,391.13,284.08,1
33,display,286.74,159.72,205.73,0
34,display,304.49,43.15,423.04,0
35,social,280.3,90.73,12.08,0
36,social,88.93,230.65,178.64,0
37,social,45.73,146.1,425.8,0
38,search,137.19,92.98,354.11,0
39,search,117.66,462.89,56.88,0
40,social,495.62,282.5,189.25,1
41,social,330.6,79.72,11.69,0
42,display,447.58,72.71,122.17,0
43,email,22.5,119.84,461.03,0
44,search,490.21,444.27,278.4,1
45,social,433.27,460.73,342.85,1
46,email,157.81,440.54,318.17,1
47,social,106.61,259.39,464.13,1
48,display,431.66,468.25,465.39,1
49,email,81.69,12.08,109.28,0
50,social,142.41,413.7,90.61,0
51,display,289.25,52.48,469.05,1
52,social,490.13,414.0,488.4,1
53,email,205.86,401.64,13.83,0
54,search,369.07,199.3,390.71,1
55,social,184.65,198.72,56.11,0
56,email,247.86,11.85,299.0,0
57,social,61.36,332.61,152.58,0
58,email,375.69,136.44,154.38,0
59,email,444.7,204.31,432.99,1
60,search,342.07,443.61,450.03,1
61,display,18.0,146.57,353.17,0
62,email,275.85,234.07,206.92,0
63,email,29.65,465.23,424.83,1
64,search,258.05,184.45,214.95,0
65,email,498.06,405.53,26.44,1
66,email,224.19,208.53,419.9,1
67,email,34.18,15.25,256.48,0
68,search,483.22,424.8,491.09,1
69,email,486.7,81.45,190.31,0
70,search,13.18,320.42,348.76,0
71,social,150.36,88.16,392.92,0
72,display,196.63,377.21,345.79,1
73,search,443.13,113.32,31.54,0
74,email,466.21,116.61,78.02,0
75,email,351.95,474.22,34.97,1
76,email,181.19,101.1,352.19,0
77,display,327.43,140.67,115.11,0
78,search,167.72,465.65,148.87,0
79,email,421.17,425.19,115.43,1
80,display,212.01,308.24,224.25,0
81,email,108.17,474.79,255.5,1
82,social,483.29,171.57,476.18,1
83,email,477.48,105.65,493.97,1
84,search,211.27,284.09,246.29,0
85,search,24.97,211.06,216.28,0
86,social,480.7,291.58,192.81,1
87,display,172.02,284.5,279.72,0
88,display,60.74,63.5,99.93,0
89,email,288.03,243.49,361.34,1
90,email,231.05,63.75,396.0,0
91,social,122.49,270.55,305.72,0
92,social,209.82,13.74,126.39,0
93,social,360.5,262.08,403.63,1
94,email,403.07,423.93,290.97,1
95,search,479.29,87.41,472.81,1
96,display,33.45,476.31,152.8,0
97,display,478.07,495.61,368.48,1
98,display,278.85,237.69,93.75,0
99,email,372.14,347.2,237.19,1
100,email,269.36,406.14,329.39,1
101,email,30.22,89.93,142.8,0
102,email,191.21,469.53,254.79,1
103,search,209.3,466.23,154.26,1
104,search,202.71,43.13,42.25,0
105,email,71.12,458.48,243.89,0
106,email,17.87,244.36,209.61,0
107,search,153.28,399.56,128.09,0
108,display,75.78,210.15,377.29,0
109,display,76.89,320.84,484.22,1
110,email,10.24,106.89,32.16,0
111,email,68.08,422.37,164.59,0
112,email,23.57,498.94,139.97,0
113,social,483.37,62.86,136.6,0
114,search,368.6,66.83,52.41,0
115,social,178.71,376.06,485.33,1
116,email,426.3,261.73,272.63,1
117,search,349.53,311.3,146.35,1
118,social,208.98,384.67,393.19,1
119,display,17.06,229.92,490.53,0
120,search,310.97,446.83,335.85,1
121,social,271.94,474.9,137.55,1
122,display,499.49,63.01,327.94,1
123,email,243.78,268.95,48.79,0
124,social,451.07,36.07,319.85,1
125,email,406.29,491.54,28.04,1
126,search,225.33,32.47,348.02,0
127,email,195.57,459.46,373.32,1
128,search,499.53,332.11,417.24,1
129,social,124.91,58.81,371.81,0
130,email,422.09,307.36,455.11,1
131,search,191.49,165.15,405.48,0
132,display,291.35,254.68,102.15,0
133,display,41.37,24.74,341.79,0
134,email,171.72,229.62,332.42,0
135,email,150.82,300.21,334.95,0
136,display,310.92,210.69,329.59,1
137,social,394.7,323.97,331.43,1
138,display,287.82,86.39,297.98,0
139,search,133.69,169.97,419.74,0
140,search,445.06,75.18,191.92,0
141,social,315.16,287.94,307.6,1
142,search,21.5,247.84,425.74,0
143,search,290.03,495.9,445.37,1
144,display,166.64,403.38,20.24,0
145,search,204.77,289.56,52.91,0
146,social,42.51,242.98,194.04,0
147,social,378.71,465.45,404.85,1
148,search,246.45,496.51,473.38,1
149,social,488.49,392.71,193.54,1
150,search,317.25,329.97,302.93,1
151,social,246.41,409.67,157.58,1
152,search,76.59,454.63,468.7,1
153,search,409.94,345.71,383.08,1
154,social,377.38,423.93,345.64,1
155,display,322.73,481.25,426.54,1
156,social,236.03,206.08,297.6,0
157,search,123.19,32.02,464.6,0
158,social,410.33,131.43,198.04,0
159,display,49.32,60.15,482.03,0
160,social,219.59,173.11,321.77,0
161,search,378.19,309.38,470.0,1
162,social,473.06,431.64,183.38,1
163,display,274.1,425.24,309.49,1
164,social,156.96,102.48,414.89,0
165,email,287.34,224.8,104.34,0
166,display,352.94,481.82,167.29,1
167,search,241.77,409.64,56.24,0
168,display,408.35,486.34,343.13,1
169,email,210.71,414.7,279.06,1
170,display,440.79,67.63,41.57,0
171,email,314.11,72.43,328.52,0
172,social,26.32,192.57,73.43,0
173,display,86.93,123.52,467.68,0
174,social,150.15,459.34,216.71,1
175,search,391.22,14.89,102.78,0
176,social,179.31,213.99,453.1,1
177,social,271.9,214.61,428.32,1
178,display,285.75,389.83,126.45,0
179,display,493.58,419.63,103.28,1
180,display,112.17,170.36,18.37,0
181,display,445.17,321.89,26.31,0
182,display,326.07,102.17,340.25,0
183,search,40.41,284.41,474.5,0
184,email,138.52,182.31,293.18,0
185,search,434.26,493.92,213.94,1
186,email,21.97,273.78,263.82,0
187,email,323.03,458.89,99.85,1
188,social,93.19,131.44,299.71,0
189,search,390.52,191.09,475.77,1
190,display,155.81,413.64,117.78,0
191,email,336.51,274.25,29.89,0
192,search,397.09,13.57,237.19,0
193,display,316.01,91.53,129.25,0
194,search,369.29,112.75,250.11,0
195,email,75.6,302.73,249.32,0
196,email,258.34,13.35,57.95,0
197,search,236.14,419.07,154.4,1
198,social,489.53,253.94,15.27,0
199,social,421.52,241.12,47.93,0
200,display,15.08,139.3,155.18,0
201,search,336.29,399.87,78.47,1
202,search,305.74,389.53,116.4,1
203,search,150.42,302.26,348.36,0
204,social,169.1,471.36,39.87,0
205,display,399.45,436.68,246.13,1
206,social,498.49,161.97,368.78,1
207,social,230.66,15.85,399.57,0
208,search,216.96,475.65,91.07,0
209,social,88.0,355.11,360.02,0
210,email,334.59,463.77,434.79,1
211,social,314.12,191.81,316.23,1
212,email,125.33,407.73,482.17,1
213,search,378.84,93.0,271.13,0
214,email,436.24,391.66,253.4,1
215,email,303.22,12.4,373.64,0
216,display,78.84,316.19,355.05,0
217,search,378.51,221.82,138.63,0
218,display,174.67,237.52,192.37,0
219,search,325.39,215.8,457.82,1
220,search,277.26,442.56,464.13,1
221,search,414.09,408.9,135.44,1
222,search,318.52,178.23,341.55,1
223,search,432.57,74.14,84.6,0
224,display,200.74,23.91,386.72,0
225,search,174.44,356.37,73.21,0
226,display,268.22,465.63,391.07,1
227,email,93.04,434.43,314.64,1
228,display,248.84,30.94,319.97,0
229,social,14.3,361.67,281.4,0
230,social,239.81,309.81,31.03,0
231,social,197.48,409.51,448.57,1
232,search,313.19,35.35,310.91,0
233,email,123.28,194.18,70.4,0
234,display,44.53,341.0,309.86,0
235,search,157.63,234.68,122.58,0
236,search,246.81,211.61,306.03,0
237,display,226.83,159.47,238.29,0
238,search,216.12,239.61,247.06,0
239,search,418.05,353.02,294.58,1
240,email,374.98,75.41,210.4,0
241,email,414.03,163.08,396.22,1
242,email,322.89,317.03,484.2,1
243,email,498.7,426.94,251.59,1
244,social,118.45,112.06,45.95,0
245,email,139.56,369.09,105.51,0
246,search,456.35,364.17,246.69,1
247,search,157.05,284.13,235.89,0
248,social,404.17,115.02,385.53,1
249,display,470.43,94.33,352.0,1
250,display,335.71,354.72,141.63,1
251,search,277.29,262.56,311.66,1
252,social,14.17,380.28,180.44,0
253,social,364.44,450.25,97.4,1
254,search,141.32,178.7,90.91,0
255,search,484.74,190.96,346.41,1
256,display,330.43,174.4,89.15,0
257,search,74.68,465.53,128.13,0
258,email,284.43,379.51,456.73,1
259,search,400.74,260.27,413.9,1
260,social,124.42,104.27,481.5,0
261,social,236.05,292.18,162.47,0
262,search,178.57,310.2,242.53,0
263,social,310.18,251.27,11.15,0
264,display,191.03,180.04,278.46,0
265,email,405.56,304.65,281.84,1
266,display,45.84,67.49,284.59,0
267,display,388.99,486.83,149.49,1
268,social,151.11,91.5,218.3,0
269,email,117.89,157.11,151.6,0
270,social,277.66,153.19,232.98,0
271,email,220.96,69.98,459.79,0
272,display,458.06,257.25,267.69,1
273,email,87.25,41.96,482.4,0
274,email,202.94,220.1,168.71,0
275,display,255.33,239.9,366.55,1
276,display,257.97,149.72,308.33,0
277,social,459.58,254.73,211.95,1
278,social,111.34,151.76,166.47,0
279,email,63.39,136.14,494.32,0
280,social,248.75,493.18,67.85,1
281,search,348.86,142.88,60.92,0
282,display,165.79,408.37,462.39,1
283,email,124.59,338.65,400.33,1
284,social,255.2,175.14,202.64,0
285,display,303.12,86.55,460.29,1
286,social,312.57,225.01,317.24,1
287,email,458.52,318.38,158.95,1
288,email,109.64,328.54,174.41,0
289,social,49.14,192.45,97.34,0
290,display,462.18,64.36,384.61,1
291,email,11.42,169.44,155.13,0
292,search,391.91,214.96,181.66,0
293,email,430.44,75.13,405.99,1
294,social,310.54,483.51,362.59,1
295,search,28.53,33.12,492.26,0
296,social,353.77,52.41,234.71,0
297,social,385.33,23.68,28.04,0
298,display,246.15,18.45,478.28,0
299,email,235.3,34.83,427.76,0
300,social,335.92,366.37,495.97,1
301,email,141.66,342.06,186.46,0
302,display,466.72,380.37,105.86,1
303,display,18.04,278.6,140.07,0
304,email,74.64,155.93,237.91,0
305,display,333.16,301.5,172.15,1
306,email,303.24,91.37,121.49,0
307,search,498.18,133.58,445.45,1
308,email,99.41,185.41,113.64,0
309,email,447.29,470.35,251.23,1
310,search,46.4,209.77,476.18,0
311,social,268.67,101.53,375.85,0
312,social,322.71,205.34,253.81,0
313,display,112.07,56.52,475.87,0
314,display,304.17,72.92,228.94,0
315,email,493.57,159.86,23.35,0
316,social,391.47,311.26,107.44,1
317,social,499.96,300.47,249.79,1
318,display,470.56,386.12,199.62,1
319,search,475.31,207.67,361.71,1
320,social,19.32,362.17,145.6,0
321,social,273.47,235.7,205.14,0
322,search,42.36,119.49,22.47,0
323,display,243.1,90.69,12.41,0
324,display,391.99,247.58,361.46,1
325,display,55.89,435.84,243.48,0
326,display,131.57,406.62,13.59,0
327,display,52.25,40.73,253.68,0
328,email,201.59,149.65,457.99,1
329,social,189.86,52.97,348.76,0
330,social,175.8,114.45,54.43,0
331,search,130.85,124.27,54.13,0
332,email,334.14,298.55,364.76,1
333,search,304.67,179.51,443.78,1
334,social,361.05,305.43,123.49,0
335,display,322.39,496.2,371.22,1
336,social,101.56,188.31,189.52,0
337,display,289.54,453.22,223.48,1
338,social,148.59,379.42,214.92,0
339,search,359.49,91.73,239.08,0
340,display,448.02,389.08,220.77,1
341,display,178.49,148.61,37.14,0
342,social,43.6,457.84,410.09,1
343,search,79.96,330.1,420.47,1
344,email,389.23,261.53,35.2,0
345,search,451.49,181.39,281.55,1
346,social,346.65,146.69,65.95,0
347,search,157.8,494.46,349.81,1
348,search,254.91,425.49,57.76,0
349,display,333.54,49.63,163.0,0
350,email,20.34,19.78,353.5,0
351,social,476.22,400.11,419.37,1
352,email,25.42,361.79,475.6,1
353,search,19.54,344.07,423.81,0
354,email,490.08,185.31,457.39,1
355,social,377.46,460.46,107.74,1
356,search,109.37,453.62,206.55,0
357,social,447.46,59.0,367.25,1
358,search,422.09,425.79,148.91,1
359,search,390.08,296.18,343.85,1
360,search,16.52,226.77,232.5,0
361,social,39.36,273.53,85.86,0
362,search,480.02,307.04,112.22,1
363,display,123.9,471.9,422.79,1
364,search,477.17,163.15,256.55,1
365,search,287.64,26.58,190.37,0
366,social,62.53,406.77,283.48,0
367,social,340.19,20.04,446.96,1
368,email,155.75,132.19,171.65,0
369,search,362.07,120.72,438.69,1
370,display,47.33,240.39,73.14,0
371,display,160.21,416.01,310.79,1
372,display,416.16,160.46,384.75,1
373,email,154.55,277.43,429.84,1
374,search,161.07,378.39,257.07,0
375,search,130.17,110.11,269.8,0
376,social,229.7,424.74,110.34,0
377,search,193.01,398.73,125.38,0
378,search,266.56,334.78,425.55,1
379,search,483.45,42.48,97.8,0
380,display,368.13,305.79,302.47,1
381,search,76.07,247.27,13.15,0
382,display,157.23,63.62,79.75,0
383,search,214.07,253.26,101.52,0
384,display,227.02,198.96,377.85,0
385,social,422.91,60.35,258.16,0
386,email,415.31,12.26,498.12,1
387,social,274.52,133.36,418.47,1
388,search,345.96,302.86,370.55,1
389,search,130.8,464.3,417.14,1
390,display,223.98,179.83,318.38,0
391,social,179.5,414.99,220.68,1
392,display,408.95,294.12,372.24,1
393,social,373.0,394.87,208.47,1
394,email,116.77,121.48,43.01,0
395,search,429.05,287.3,28.5,0
396,display,130.35,169.51,140.28,0
397,display,204.57,19.29,109.17,0
398,social,419.52,428.79,473.27,1
399,search,173.56,137.24,170.16,0
400,social,14.98,89.52,341.52,0
401,display,194.48,360.21,90.57,0
402,search,424.85,139.97,87.72,0
403,email,131.33,202.5,300.29,0
404,search,320.66,107.18,67.24,0
405,email,133.94,255.06,79.56,0
406,social,56.57,359.88,366.41,0
407,email,189.52,397.53,349.39,1
408,social,260.55,21.95,349.69,0
409,social,166.31,173.71,208.01,0
410,display,331.22,14.09,180.92,0
411,social,400.94,259.91,439.31,1
412,email,191.31,247.67,377.81,1
413,search,422.53,373.5,229.73,1
414,display,43.68,110.35,306.66,0
415,display,142.82,388.84,471.83,1
416,display,422.06,27.59,311.72,0
417,search,444.03,447.17,399.44,1
418,search,325.21,424.52,86.16,1
419,social,223.27,461.99,164.33,1
420,display,44.55,371.5,370.99,0
421,email,95.28,63.91,182.0,0
422,search,379.51,25.54,26.58,0
423,search,253.69,65.61,350.68,0
424,display,150.02,258.79,286.26,0
425,email,378.15,373.33,139.17,1
426,search,106.52,157.54,412.63,0
427,email,245.3,241.64,376.43,1
428,email,361.45,457.7,477.57,1
429,display,13.49,86.56,359.85,0
430,social,247.24,193.31,388.88,1
431,email,413.89,270.02,321.5,1
432,display,36.86,295.53,394.74,0
433,social,132.21,174.58,223.65,0
434,social,494.67,88.08,434.57,1
435,social,174.7,229.2,418.64,1
436,social,231.97,17.87,92.8,0
437,display,485.18,417.36,205.09,1
438,search,322.29,362.7,434.38,1
439,display,65.27,77.2,244.63,0
440,display,307.86,493.84,21.87,1
441,email,466.65,131.08,461.58,1
442,social,238.24,289.19,253.42,0
443,social,277.24,300.77,303.87,1
444,search,42.13,127.15,171.7,0
445,display,204.35,59.26,494.79,0
446,social,198.49,367.82,403.11,1
447,display,283.35,43.82,78.1,0
448,search,257.11,111.23,236.15,0
449,social,19.07,377.05,108.3,0
450,search,370.54,190.03,146.32,0
451,search,189.95,132.77,405.76,0
452,email,102.92,55.47,170.05,0
453,display,28.62,208.79,423.28,0
454,email,255.62,447.57,263.2,1
455,email,441.89,410.65,149.64,1
456,email,288.61,257.15,167.15,0
457,email,252.0,447.71,318.49,1
458,search,464.34,258.35,140.36,1
459,social,402.04,326.25,250.48,1
460,search,247.29,204.14,467.57,1
461,email,68.99,237.06,122.99,0
462,search,285.61,406.46,158.38,1
463,email,449.87,257.57,85.16,0
464,email,105.33,446.09,164.34,0
465,social,81.47,439.41,415.09,1
466,email,364.03,366.53,459.07,1
467,display,276.65,408.92,447.2,1
468,email,460.71,429.1,26.5,1
469,email,234.97,110.27,266.48,0
470,display,61.28,244.49,376.51,0
471,email,86.73,99.86,393.3,0
472,social,39.21,228.65,177.09,0
473,social,398.64,167.56,52.08,0
474,email,258.56,149.24,242.79,0
475,email,412.69,329.27,87.63,1
476,email,111.01,471.49,487.54,1
477,display,189.01,380.21,52.37,0
478,social,297.63,405.94,96.33,0
479,display,115.47,184.92,31.31,0
480,display,402.87,447.33,51.24,1
481,display,49.56,175.59,168.03,0
482,email,347.46,409.79,16.13,0
483,email,78.21,19.36,126.08,0
484,email,169.6,439.81,123.57,0
485,social,417.57,360.62,171.94,1
486,email,372.99,496.82,166.33,1
487,social,245.49,286.19,291.21,1
488,email,351.62,277.89,326.24,1
489,social,339.12,195.82,394.03,1
490,email,266.11,358.64,322.42,1
491,social,30.29,378.86,384.31,0
492,email,464.07,112.55,425.04,1
493,search,161.64,408.41,350.64,1
494,email,74.64,316.33,347.34,0
495,display,362.23,317.1,388.52,1
496,social,377.82,480.01,167.3,1
497,social,498.37,87.04,310.49,1
498,search,121.35,26.49,12.43,0
499,social,106.26,89.51,337.31,0
500,display,269.17,207.48,430.07,1
501,social,60.82,50.83,15.67,0
502,email,238.84,274.07,180.69,0
503,social,41.26,447.57,407.67,1
504,email,337.36,497.91,480.65,1
505,email,109.2,42.15,130.01,0
506,email,470.28,343.66,481.72,1
507,email,311.04,148.36,484.76,1
508,search,497.51,100.3,110.53,0
509,social,34.36,410.44,357.47,0
510,social,120.94,384.46,441.59,1
511,social,101.26,74.3,467.74,0
512,social,313.96,465.35,144.06,1
513,search,423.26,179.09,477.71,1
514,display,54.79,324.24,239.25,0
515,search,17.55,319.99,28.97,0
516,email,402.28,46.1,240.23,0
517,email,278.77,36.48,219.61,0
518,social,117.65,368.56,284.18,0
519,search,241.22,57.39,104.59,0
520,search,186.77,269.04,11.82,0
521,search,58.64,361.1,243.7,0
522,search,249.56,93.71,158.88,0
523,display,358.08,364.15,488.74,1
524,search,119.63,333.94,113.77,0
525,email,70.12,295.02,411.08,0
526,social,306.85,326.42,141.69,0
527,social,389.76,428.31,88.42,1
528,display,444.68,180.81,166.09,0
529,social,499.05,292.83,477.93,1
530,search,305.11,492.85,179.14,1
531,email,440.79,61.65,215.68,0
532,social,438.23,361.82,409.83,1
533,email,290.37,311.1,157.91,0
534,email,354.35,348.99,208.75,1
535,social,97.45,343.01,299.37,0
536,social,377.84,208.95,387.57,1
537,display,167.67,247.36,452.26,1
538,email,341.33,391.26,34.56,0
539,email,369.86,64.8,72.79,0
540,display,154.79,326.16,169.76,0
541,email,38.98,454.58,467.85,1
542,display,430.17,18.98,82.74,0
543,search,140.74,120.69,406.64,0
544,search,174.19,445.3,467.87,1
545,social,470.05,272.19,478.85,1
546,display,278.84,241.2,175.56,0
547,search,370.15,456.97,22.97,1
548,display,140.03,185.17,130.77,0
549,display,89.72,387.84,125.86,0
550,search,273.44,58.27,295.57,0
551,email,203.87,23.53,130.19,0
552,display,420.66,209.76,124.52,0
553,search,170.25,236.86,273.18,0
554,search,474.6,194.38,122.34,0
555,display,31.46,290.8,48.8,0
556,social,128.87,204.41,161.11,0
557,display,205.37,417.18,288.5,1
558,social,354.08,172.33,337.09,1
559,display,135.09,254.78,38.11,0
560,social,37.56,497.78,284.6,1
561,search,63.68,246.25,59.69,0
562,search,90.46,374.15,428.08,1
563,search,13.9,19.14,446.02,0
564,search,452.45,236.47,405.99,1
565,social,315.08,103.4,473.96,1
566,email,127.43,445.67,221.3,0
567,search,323.3,248.63,34.94,0
568,display,239.3,480.03,266.34,1
569,email,364.52,296.71,382.73,1
570,display,436.33,306.8,453.68,1
571,display,174.96,285.33,476.94,1
572,social,257.51,477.78,456.15,1
573,social,65.53,352.93,98.33,0
574,social,93.14,244.77,168.81,0
575,social,291.62,268.04,231.95,0
576,social,143.39,422.23,375.86,1
577,display,198.82,91.73,416.99,0
578,display,129.39,11.0,250.59,0
579,email,188.21,292.91,76.11,0
580,social,481.22,122.13,497.57,1
581,email,305.99,28.58,311.2,0
582,display,102.04,460.12,56.83,0
583,search,448.6,64.19,38.17,0
584,display,172.61,104.41,91.58,0
585,email,221.87,444.77,60.81,0
586,email,140.28,63.45,20.62,0
587,search,170.02,142.17,126.57,0
588,social,31.21,431.36,45.3,0
589,search,231.6,128.79,367.88,0
590,social,478.89,306.87,426.71,1
591,email,273.27,123.15,404.4,0
592,search,490.37,140.72,447.79,1
593,search,16.07,468.68,407.02,1
594,display,343.03,311.93,232.31,1
595,search,310.24,276.7,328.14,1
596,social,135.66,307.68,80.19,0
597,social,368.49,323.01,124.49,1
598,display,12.47,451.41,202.59,0
599,display,251.04,423.0,219.75,1
600,display,161.23,408.01,116.71,0
601,display,314.88,11.09,91.04,0
602,display,460.06,309.28,214.96,1
603,social,448.7,346.78,139.45,1
604,display,13.98,186.11,454.53,0
605,display,227.73,412.06,468.4,1
606,search,433.11,280.91,50.38,0
607,social,81.71,484.74,446.73,1
608,search,166.49,420.27,467.74,1
609,display,95.97,227.84,202.63,0
610,social,470.59,477.83,208.1,1
611,social,172.78,10.86,77.97,0
612,email,181.4,487.18,207.71,1
613,display,464.15,293.9,68.42,1
614,display,245.16,391.13,256.76,1
615,social,227.51,396.6,382.05,1
616,email,287.06,303.61,365.43,1
617,social,304.59,52.04,403.54,0
618,social,254.65,139.65,276.64,0
619,social,85.01,352.23,492.33,1
620,display,85.54,432.06,360.69,1
621,search,47.27,492.91,489.89,1
622,display,402.57,259.78,142.47,1
623,display,181.62,231.34,498.65,1
624,email,394.24,270.61,104.73,0
625,display,346.44,141.77,215.77,0
626,email,10.12,28.98,467.02,0
627,search,145.13,183.95,304.49,0
628,search,451.99,138.14,317.12,1
629,display,353.3,332.03,93.28,0
630,social,350.8,143.45,74.69,0
631,search,178.39,314.31,367.38,1
632,email,278.54,226.4,229.44,0
633,display,238.99,157.5,275.52,0
634,search,451.62,249.99,27.75,0
635,display,20.38,422.11,250.31,0
636,search,41.53,487.7,332.93,1
637,search,165.07,350.27,476.84,1
638,display,51.69,24.59,199.98,0
639,search,132.2,148.04,201.94,0
640,search,375.13,168.08,260.99,0
641,social,402.82,286.46,332.19,1
642,email,391.92,133.75,149.46,0
643,search,38.16,295.67,362.43,0
644,search,206.67,125.44,423.55,0
645,social,177.62,61.86,396.95,0
646,display,368.16,393.55,114.36,1
647,display,93.56,441.18,200.2,0
648,email,497.86,250.4,472.79,1
649,display,247.97,391.23,496.69,1
650,search,494.41,450.56,200.78,1
651,search,85.79,123.12,422.75,0
652,display,199.06,326.74,363.54,1
653,search,144.17,253.05,237.58,0
654,social,364.38,90.48,294.02,0
655,search,88.25,158.73,448.66,0
656,social,59.77,416.43,155.78,0
657,social,289.98,99.31,280.97,0
658,search,255.41,349.39,370.35,1
659,search,219.21,449.19,93.15,0
660,display,205.3,209.23,239.75,0
661,search,473.21,439.47,356.87,1
662,search,350.39,432.22,50.19,1
663,display,370.99,197.98,116.7,0
664,display,98.52,437.45,281.33,1
665,email,472.4,354.4,148.06,1
666,display,271.38,296.77,142.89,0
667,search,353.21,338.67,57.88,0
668,email,339.35,380.1,137.55,1
669,social,89.55,37.64,414.09,0
670,social,416.76,181.97,327.79,1
671,social,287.35,399.76,185.87,1
672,display,246.39,345.06,36.07,0
673,social,345.99,164.89,343.45,1
674,display,249.43,169.95,446.75,1
675,email,344.29,395.17,435.33,1
676,display,370.21,135.86,196.83,0
677,email,200.66,70.26,328.45,0
678,email,224.63,379.01,371.39,1
679,search,27.89,66.89,202.63,0
680,email,171.71,49.52,22.2,0
681,social,74.53,115.1,203.56,0
682,email,336.98,488.07,300.77,1
683,search,342.61,26.98,145.18,0
684,social,175.76,47.15,68.79,0
685,social,348.92,374.1,109.3,1
686,search,34.69,46.88,458.95,0
687,display,177.5,100.98,421.01,0
688,social,324.51,432.63,335.64,1
689,search,50.16,126.28,265.98,0
690,search,497.75,138.86,48.07,0
691,search,496.44,421.39,137.81,1
692,social,331.27,107.77,201.75,0
693,social,154.46,463.21,289.19,1
694,search,496.36,149.12,199.65,1
695,search,124.64,304.42,181.53,0
696,social,28.42,50.11,69.52,0
697,social,75.13,327.71,94.4,0
698,email,256.29,304.24,75.1,0
699,display,76.46,48.18,421.74,0
700,search,145.06,289.7,210.68,0
701,social,401.57,133.61,138.77,0
702,email,370.67,376.69,489.74,1
703,social,314.49,420.98,71.28,1
704,social,270.36,78.18,92.23,0
705,social,497.02,299.39,144.31,1
706,email,472.62,22.86,451.71,1
707,social,76.65,393.98,228.0,0
708,email,43.97,17.59,86.84,0
709,display,395.31,427.66,92.1,1
710,email,262.57,343.27,376.65,1
711,social,256.03,287.12,78.9,0
712,display,63.22,75.22,306.34,0
713,display,475.37,452.8,462.88,1
714,search,145.36,85.93,44.24,0
715,email,164.5,294.65,183.19,0
716,social,461.94,367.99,413.55,1
717,search,24.28,327.36,213.74,0
718,display,322.04,144.02,468.78,1
719,display,477.16,478.67,270.29,1
720,display,346.36,31.4,356.11,0
721,search,413.23,57.63,10.63,0
722,email,46.01,498.19,166.65,0
723,email,330.96,37.38,266.23,0
724,email,381.33,393.56,480.31,1
725,display,353.87,385.32,194.39,1
726,display,351.56,112.82,247.24,0
727,display,257.73,144.89,401.37,0
728,display,395.74,202.35,194.04,0
729,search,285.98,438.29,351.45,1
730,display,378.73,157.62,365.84,1
731,social,386.92,418.89,265.57,1
732,email,15.69,184.13,120.66,0
733,search,136.95,432.84,105.75,0
734,search,257.3,34.26,451.27,0
735,search,411.49,367.51,339.45,1
736,social,208.34,462.62,39.69,0
737,search,40.64,11.75,177.58,0
738,search,292.97,251.78,105.08,0
739,search,121.88,400.5,38.96,0
740,social,478.45,468.44,91.39,1
741,display,60.97,389.27,281.21,0
742,social,381.44,379.52,485.55,1
743,search,434.31,88.69,206.12,0
744,search,316.58,350.07,173.03,1
745,email,99.49,93.41,190.58,0
746,search,204.34,325.86,499.76,1
747,social,128.49,40.85,186.91,0
748,email,11.89,377.74,261.08,0
749,display,23.46,132.23,366.1,0
750,search,81.65,299.14,338.36,0
751,email,438.57,232.95,138.67,1
752,display,312.75,336.84,450.59,1
753,search,23.42,199.23,395.53,0
754,search,356.57,359.04,282.15,1
755,email,368.04,206.88,483.0,1
756,email,334.25,401.49,69.48,1
757,display,394.3,351.34,150.33,1
758,search,120.4,230.96,184.94,0
759,display,320.89,399.71,453.74,1
760,search,284.09,240.72,277.03,0
761,display,12.02,167.57,398.49,0
762,display,495.1,309.17,171.25,1
763,search,165.76,130.01,426.76,0
764,search,197.21,416.41,485.19,1
765,search,176.56,49.04,190.31,0
766,email,178.53,361.17,224.24,0
767,social,427.58,324.13,285.12,1
768,social,192.89,320.6,490.18,1
769,search,459.55,149.96,216.41,1
770,display,219.45,15.14,165.03,0
771,display,182.35,411.72,308.75,1
772,email,375.46,435.09,145.74,1
773,social,253.73,81.41,380.47,0
774,social,199.63,371.81,392.46,1
775,social,17.83,298.29,444.13,0
776,social,262.38,432.19,128.57,1
777,search,316.86,309.25,113.75,0
778,search,489.14,318.26,436.98,1
779,display,39.31,117.88,352.52,0
780,social,167.17,110.12,321.47,0
781,social,495.52,182.62,395.34,1
782,display,327.22,151.82,226.23,0
783,social,255.92,38.81,206.73,0
784,search,332.86,397.61,15.39,0
785,search,127.97,484.14,302.76,1
786,email,307.43,260.54,374.44,1
787,search,205.26,479.0,309.94,1
788,display,300.96,327.98,374.36,1
789,email,139.75,32.4,487.69,0
790,display,104.5,359.81,380.74,1
791,social,325.84,95.72,351.7,0
792,email,126.36,397.14,445.67,1
793,search,465.46,462.35,453.87,1
794,email,466.57,364.63,499.46,1
795,search,76.89,61.66,30.71,0
796,email,447.75,219.47,490.83,1
797,search,352.91,219.45,275.16,1
798,search,140.05,430.62,401.48,1
799,email,118.71,263.39,252.61,0
800,social,289.73,246.62,417.06,1
801,search,153.4,310.6,137.57,0
802,social,325.56,232.46,39.84,0
803,email,125.93,475.44,353.42,1
804,social,269.18,142.29,498.72,1
805,email,466.23,77.81,138.86,0
806,email,14.58,86.12,454.29,0
807,email,492.78,475.09,269.92,1
808,email,153.59,397.24,342.95,1
809,search,69.97,171.15,331.61,0
810,social,295.48,418.9,195.57,1
811,email,213.78,256.68,332.76,0
812,social,146.35,417.94,54.8,0
813,search,485.57,268.35,402.72,1
814,search,372.27,161.31,150.94,0
815,search,193.18,147.05,299.62,0
816,search,12.04,401.8,343.37,0
817,email,105.06,133.44,178.0,0
818,display,127.83,153.59,272.44,0
819,social,51.01,292.47,335.47,0
820,email,209.73,200.88,420.19,1
821,email,447.67,288.62,416.4,1
822,social,184.87,108.88,180.84,0
823,search,323.16,136.37,310.35,0
824,display,188.84,223.63,146.8,0
825,search,234.8,401.09,267.62,1
826,display,278.41,345.01,342.85,1
827,display,381.88,195.69,498.57,1
828,social,151.91,197.0,214.93,0
829,search,406.49,491.2,153.92,1
830,email,359.48,123.57,406.91,1
831,social,415.4,295.98,160.71,1
832,email,384.35,492.17,244.75,1
833,display,404.99,124.22,169.01,0
834,email,429.4,213.14,93.15,0
835,social,238.39,195.32,413.02,1
836,email,435.16,58.67,460.04,1
837,display,143.07,347.88,246.41,0
838,search,25.16,491.78,97.79,0
839,search,297.15,52.9,400.37,0
840,search,437.24,232.1,250.82,1
841,display,222.84,394.55,205.72,1
842,email,86.95,46.88,249.75,0
843,social,92.74,252.74,87.15,0
844,search,115.73,134.82,102.99,0
845,display,414.37,27.68,373.29,1
846,search,268.59,404.22,217.2,1
847,display,37.2,308.77,152.78,0
848,display,324.19,301.97,370.78,1
849,display,243.42,269.61,125.09,0
850,display,23.82,301.36,70.99,0
851,search,495.34,442.98,355.65,1
852,search,456.97,171.28,450.48,1
853,social,181.98,80.65,394.22,0
854,social,390.06,72.16,216.19,0
855,display,281.1,479.01,146.14,1
856,display,80.02,159.21,443.91,0
857,social,482.26,273.24,291.61,1
858,email,430.99,136.86,482.22,1
859,social,129.35,60.86,118.25,0
860,display,472.11,421.56,149.6,1
861,email,464.06,426.18,401.69,1
862,social,75.89,315.0,275.32,0
863,email,336.13,33.27,44.29,0
864,search,62.8,319.55,385.91,0
865,search,55.71,97.52,87.05,0
866,search,227.9,153.4,34.66,0
867,social,355.8,61.35,67.25,0
868,display,97.56,134.41,424.71,0
869,email,177.42,222.44,462.75,1
870,social,487.56,434.12,493.51,1
871,social,198.8,53.99,470.34,0
872,search,484.91,199.91,206.96,1
873,social,66.91,50.3,395.89,0
874,social,92.94,165.67,48.67,0
875,social,197.21,454.66,263.25,1
876,email,432.4,121.64,358.73,1
877,social,161.94,167.03,131.57,0
878,display,118.96,46.12,176.08,0
879,display,457.76,473.07,121.62,1
880,search,399.53,357.44,21.95,0
881,email,265.38,361.64,256.99,1
882,display,237.97,43.85,302.88,0
883,email,444.36,110.31,328.21,1
884,social,486.08,218.64,452.91,1
885,email,397.0,18.41,309.89,0
886,search,94.69,108.98,110.34,0
887,search,285.16,362.51,271.14,1
888,email,478.08,360.9,388.38,1
889,display,90.41,465.55,189.15,0
890,email,425.31,362.84,28.78,1
891,social,349.45,280.79,162.07,0
892,search,119.34,359.72,188.19,0
893,social,455.56,469.82,356.44,1
894,search,29.96,350.16,53.34,0
895,email,161.36,148.52,498.25,1
896,search,240.29,425.32,72.03,0
897,display,356.25,349.82,16.56,0
898,email,87.88,326.45,494.31,1
899,social,29.78,130.58,229.09,0
900,search,342.77,55.02,327.42,0
901,search,469.0,320.6,485.36,1
902,search,424.39,76.5,156.83,0
903,display,71.29,78.66,136.99,0
904,social,275.48,92.16,460.77,1
905,search,463.72,289.51,198.13,1
906,display,211.61,387.44,436.97,1
907,display,264.81,492.66,360.89,1
908,social,343.96,415.12,271.77,1
909,social,274.23,217.22,368.41,1
910,social,129.96,247.73,56.29,0
911,social,301.89,454.36,344.55,1
912,search,222.16,98.41,376.67,0
913,email,277.06,483.98,266.02,1
914,display,78.61,417.31,470.58,1
915,email,210.38,477.59,148.42,1
916,display,182.12,221.99,57.43,0
917,display,473.4,211.71,232.31,1
918,social,436.78,236.73,274.09,1
919,display,428.68,441.93,471.03,1
920,search,369.77,231.61,480.54,1
921,display,420.97,458.16,480.7,1
922,social,333.06,176.1,41.23,0
923,email,258.86,468.69,241.94,1
924,social,214.83,471.99,336.85,1
925,email,318.34,189.69,99.3,0
926,search,80.47,224.25,41.09,0
927,email,227.83,157.76,263.88,0
928,social,360.91,357.88,217.18,1
929,display,139.27,61.1,245.27,0
930,search,192.3,402.13,136.16,0
931,search,134.37,169.96,349.08,0
932,social,234.3,416.01,33.14,0
933,search,142.43,303.41,353.32,0
934,search,260.6,123.87,311.26,0
935,social,490.04,206.24,244.82,1
936,search,66.48,142.64,110.52,0
937,social,98.99,229.68,95.43,0
938,email,424.71,485.56,128.53,1
939,social,446.09,14.51,371.56,1
940,social,22.33,162.49,444.68,0
941,search,431.05,35.85,396.48,1
942,email,307.05,314.64,370.48,1
943,display,358.13,275.33,120.52,0
944,social,189.26,30.11,294.45,0
945,social,161.88,456.11,276.15,1
946,display,259.56,64.49,415.13,0
947,social,429.67,218.06,234.64,1
948,display,338.31,173.91,198.67,0
949,social,298.26,171.07,16.66,0
950,display,351.17,305.92,404.06,1
951,search,233.84,378.24,478.51,1
952,search,305.55,268.51,391.82,1
953,social,248.91,48.37,452.02,0
954,display,30.82,275.23,170.94,0
955,display,470.8,84.83,49.37,0
956,social,353.36,223.94,318.83,1
957,email,142.84,477.85,150.76,0
958,email,466.99,321.46,376.1,1
959,display,291.41,459.93,148.02,1
960,social,28.73,182.28,350.94,0
961,social,88.18,274.48,490.82,1
962,display,85.59,271.47,153.38,0
963,search,79.75,340.15,243.85,0
964,social,194.41,429.52,234.0,1
965,display,425.92,30.5,50.37,0
966,social,425.23,248.68,92.68,0
967,display,310.95,35.12,218.93,0
968,display,218.66,109.61,360.65,0
969,social,346.05,16.68,47.64,0
970,display,26.53,221.52,265.22,0
971,search,257.27,111.54,127.45,0
972,display,115.75,99.6,485.08,0
973,social,170.29,476.98,18.27,0
974,social,283.09,447.76,106.34,1
975,social,349.19,350.81,404.39,1
976,search,293.87,51.89,249.45,0
977,search,37.18,38.05,393.37,0
978,search,195.01,213.31,176.21,0
979,display,346.66,270.06,129.45,0
980,search,305.27,305.06,315.62,1
981,social,131.04,131.82,170.01,0
982,display,40.98,42.43,481.43,0
983,search,160.45,235.99,30.72,0
984,social,222.48,77.89,206.43,0
985,social,265.13,492.16,33.45,0
986,email,283.36,32.95,385.36,0
987,display,432.93,235.28,405.18,1
988,email,141.32,415.61,191.68,0
989,search,237.26,363.47,331.69,1
990,search,447.43,135.83,74.58,0
991,display,46.67,236.8,268.14,0
992,search,418.25,444.16,55.3,1
993,social,106.48,157.06,225.33,0
994,social,331.5,189.63,57.64,0
995,social,406.78,80.47,132.37,0
996,search,245.92,272.69,208.95,0
997,social,419.17,257.87,132.6,1
998,display,196.61,336.02,84.37,0
999,social,67.66,248.19,118.88,0
1000,email,56.73,323.22,397.8,0
1001,email,93.24,243.67,273.51,0
1002,email,475.32,483.28,220.82,1
1003,email,493.4,168.63,482.59,1
1004,social,39.12,406.37,56.81,0
1005,email,125.16,444.61,151.56,0
1006,search,267.4,218.75,86.29,0
1007,display,384.09,398.73,416.44,1
1008,display,253.26,108.11,52.29,0
1009,search,477.82,396.44,21.53,1
1010,search,355.2,349.5,348.22,1
1011,search,262.22,154.91,339.87,0
1012,search,222.71,456.02,480.52,1
1013,search,448.55,478.84,467.67,1
1014,social,125.31,466.38,272.12,1
1015,display,224.81,498.34,101.94,1
1016,display,376.62,21.5,477.44,1
1017,search,249.25,391.26,380.24,1
1018,display,81.46,106.72,260.12,0
1019,email,172.8,366.46,287.69,1
1020,social,395.35,440.26,38.91,1
1021,social,99.63,473.57,418.58,1
1022,social,152.43,278.25,409.5,1
1023,display,398.96,449.48,51.27,1
1024,display,148.89,444.88,285.86,1
1025,display,443.62,65.58,279.43,0
1026,display,182.98,214.2,174.45,0
1027,email,377.89,113.4,183.66,0
1028,email,350.62,183.78,331.88,1
1029,email,71.2,63.72,483.53,0
1030,display,64.91,329.9,491.21,1
1031,display,262.72,16.15,471.91,0
1032,display,342.36,165.37,93.75,0
1033,search,63.52,333.32,34.22,0
1034,social,368.32,241.95,284.7,1
1035,email,69.18,458.54,249.45,0
1036,search,459.76,75.31,486.88,1
1037,search,163.72,421.14,402.86,1
1038,display,32.05,402.37,31.23,0
1039,email,49.36,26.14,331.44,0
1040,search,65.3,241.84,396.1,0
1041,display,70.15,25.53,296.72,0
1042,email,204.45,443.3,175.93,1
1043,email,406.48,271.79,216.46,1
1044,search,389.11,314.99,240.29,1
1045,social,64.75,424.98,106.16,0
1046,email,70.92,354.76,475.09,1
1047,email,149.6,49.79,101.49,0
1048,email,278.48,327.56,404.55,1
1049,email,286.18,468.21,468.66,1
1050,search,426.77,353.53,93.7,1
1051,social,261.02,78.03,472.86,1
1052,display,207.11,487.54,52.2,0
1053,display,464.17,109.07,40.41,0
1054,search,358.38,89.79,206.91,0
1055,display,196.15,342.8,438.01,1
1056,social,59.49,206.21,486.93,0
1057,display,400.71,499.68,328.54,1
1058,social,409.74,419.48,458.62,1
1059,email,186.28,406.4,16.75,0
1060,search,295.02,217.2,200.26,0
1061,email,207.49,376.16,467.46,1
1062,display,78.07,25.43,247.62,0
1063,display,191.71,235.33,405.1,1
1064,display,296.95,330.34,108.5,0
1065,email,340.6,58.68,225.1,0
1066,email,487.04,365.68,19.99,1
1067,search,322.16,333.29,201.56,1
1068,display,184.92,293.71,242.81,0
1069,display,224.95,215.32,139.37,0
1070,display,419.35,12.67,438.16,1
1071,search,25.39,433.32,253.18,0
1072,search,236.0,32.71,221.92,0
1073,social,191.12,353.26,33.53,0
1074,email,31.43,358.4,257.97,0
1075,search,157.43,106.25,333.91,0
1076,social,413.91,201.26,326.17,1
1077,display,53.07,60.47,208.67,0
1078,email,445.71,94.69,475.84,1
1079,email,385.44,371.29,424.15,1
1080,email,465.06,240.48,184.11,1
1081,social,395.47,413.55,155.98,1
1082,email,294.79,77.91,486.74,1
1083,search,107.58,300.76,195.7,0
1084,email,170.72,366.78,368.79,1
1085,social,214.52,265.8,178.95,0
1086,email,17.01,316.92,373.21,0
1087,display,152.35,16.44,490.93,0
1088,display,312.86,450.55,441.11,1
1089,social,66.6,297.16,186.05,0
1090,display,322.81,165.96,29.34,0
1091,display,159.89,120.86,334.67,0
1092,social,468.99,425.48,91.43,1
1093,display,390.05,301.58,385.48,1
1094,display,54.08,444.99,323.56,1
1095,email,230.38,69.41,457.31,0
1096,display,492.95,35.57,366.29,1
1097,email,454.33,424.75,391.12,1
1098,search,367.0,90.57,14.22,0
1099,display,65.48,100.72,128.61,0
1100,search,326.11,156.35,351.19,1
1101,display,219.75,271.08,39.39,0
1102,email,294.8,455.93,172.79,1
1103,social,297.02,137.08,163.26,0
1104,display,160.4,338.01,474.87,1
1105,search,416.06,38.04,132.8,0
1106,social,222.84,204.09,306.64,0
1107,email,77.66,170.94,74.03,0
1108,social,385.16,331.16,207.15,1
1109,social,85.19,196.7,44.49,0
1110,social,32.15,294.59,226.57,0
1111,email,387.43,430.9,40.7,1
1112,email,310.05,468.63,223.64,1
1113,social,482.22,427.15,30.96,1
1114,display,120.72,228.53,123.09,0
1115,display,106.57,188.91,455.05,0
1116,search,396.06,265.2,156.62,1
1117,search,342.91,497.55,367.79,1
1118,social,383.3,172.3,257.78,1
1119,search,345.52,65.54,240.23,0
1120,email,142.73,161.23,125.41,0
1121,social,472.54,101.33,410.07,1
1122,display,440.44,346.09,132.18,1
1123,search,399.41,204.51,484.06,1
1124,social,373.15,23.95,223.32,0
1125,social,112.56,450.65,239.62,0
1126,social,329.96,82.78,418.19,1
1127,display,111.37,282.91,255.59,0
1128,display,293.25,263.34,352.31,1
1129,search,151.87,462.22,328.68,1
1130,search,492.55,220.6,331.78,1
1131,search,12.26,155.88,79.05,0
1132,display,194.29,355.71,279.09,1
1133,search,402.29,226.03,110.18,0
1134,social,472.71,204.13,219.26,1
1135,email,466.64,84.21,283.04,1
1136,search,173.62,94.28,206.92,0
1137,social,249.54,131.2,168.88,0
1138,display,154.88,297.39,335.32,0
1139,social,455.42,227.21,244.89,1
1140,display,146.28,18.1,348.85,0
1141,social,20.02,30.26,24.97,0
1142,search,377.56,147.99,350.04,1
1143,social,322.98,346.93,107.24,0
1144,display,80.75,57.64,395.11,0
1145,search,391.72,354.66,481.06,1
1146,social,273.65,349.36,100.92,0
1147,display,168.39,403.18,267.82,1
1148,email,434.44,171.26,442.84,1
1149,social,450.37,326.39,489.31,1
1150,display,313.86,438.97,155.43,1
1151,email,470.89,243.49,50.81,0
1152,social,400.06,220.59,200.05,1
1153,email,18.33,146.24,231.5,0
1154,social,109.66,350.83,337.66,0
1155,social,19.3,34.64,16.49,0
1156,social,285.87,327.78,403.78,1
1157,email,31.24,169.83,141.85,0
1158,social,275.05,162.18,364.24,0
1159,email,244.85,96.95,123.86,0
1160,social,496.21,38.78,162.14,0
1161,email,411.1,301.57,249.62,1
1162,display,43.66,357.48,351.67,0
1163,display,98.98,364.79,336.65,0
1164,display,114.14,125.74,163.26,0
1165,social,148.77,202.66,362.2,0
1166,social,373.78,404.1,452.6,1
1167,search,310.54,80.99,368.79,0
1168,display,168.94,13.31,70.55,0
1169,display,386.4,444.12,22.04,1
1170,display,395.77,92.86,416.14,1
1171,social,310.58,429.44,242.93,1
1172,email,286.34,318.08,167.79,0
1173,email,219.99,278.08,333.75,1
1174,email,298.43,471.0,451.38,1
1175,display,209.4,16.67,352.49,0
1176,search,344.39,476.33,470.77,1
1177,display,205.65,472.06,61.5,0
1178,email,138.51,465.97,34.7,0
1179,social,51.7,229.96,372.65,0
1180,email,114.62,280.76,211.26,0
1181,email,486.08,400.48,16.77,1
1182,email,237.41,301.63,266.99,1
1183,display,184.89,36.34,90.72,0
1184,display,69.29,218.92,166.3,0
1185,search,412.59,498.12,437.67,1
1186,social,483.86,272.75,221.3,1
1187,email,72.56,179.15,179.11,0
1188,search,16.69,445.77,89.51,0
1189,social,158.91,95.62,13.24,0
1190,email,378.72,36.79,394.23,1
1191,social,471.57,157.22,64.78,0
1192,search,377.45,189.35,384.08,1
1193,display,184.23,12.57,114.53,0
1194,search,378.46,210.53,381.0,1
1195,search,86.15,221.89,27.55,0
1196,search,31.58,270.22,443.54,0
1197,email,122.51,264.45,340.2,0
1198,search,403.0,297.5,17.85,0
1199,email,76.33,62.29,22.14,0
1200,search,206.38,381.9,478.34,1
1201,email,415.2,103.88,249.39,0
1202,email,232.4,431.15,172.24,1
1203,display,262.66,457.01,79.06,0
1204,display,86.17,209.17,95.12,0
1205,email,302.04,121.61,96.66,0
1206,social,112.52,339.42,15.16,0
1207,search,268.14,446.14,91.08,1
1208,search,379.17,396.58,402.59,1
1209,display,283.67,12.13,482.94,0
1210,social,203.28,257.95,445.75,1
1211,search,47.08,380.04,186.29,0
1212,social,128.13,284.84,451.44,1
1213,social,90.84,281.38,44.98,0
1214,email,242.74,170.42,27.77,0
1215,search,395.58,129.48,111.37,0
1216,search,175.67,55.88,40.25,0
1217,search,259.08,100.62,418.38,0
1218,display,389.51,254.12,290.18,1
1219,search,40.52,492.53,135.22,0
1220,social,317.37,164.36,398.83,1
1221,social,33.2,290.73,51.21,0
1222,display,95.32,15.74,447.29,0
1223,display,255.11,199.66,117.44,0
1224,search,177.23,259.65,179.64,0
1225,email,314.96,151.94,495.72,1
1226,display,323.27,479.28,376.87,1
1227,display,313.05,442.86,340.3,1
1228,social,223.46,238.64,50.17,0
1229,email,334.99,143.88,223.29,0
1230,social,17.71,175.56,186.07,0
1231,display,23.81,333.28,248.59,0
1232,display,488.22,370.45,146.06,1
1233,email,170.11,222.38,152.46,0
1234,display,225.59,362.75,386.13,1
1235,social,366.68,184.03,19.59,0
1236,social,465.33,468.43,440.76,1
1237,display,434.81,204.23,134.33,0
1238,display,192.45,301.88,330.14,1
1239,social,381.24,443.27,289.6,1
1240,social,405.53,151.11,133.63,0
1241,display,136.3,237.42,193.84,0
1242,display,394.16,414.54,213.76,1
1243,email,485.17,411.39,380.73,1
1244,email,265.08,486.85,195.75,1
1245,display,261.65,446.42,230.39,1
1246,display,164.75,101.67,353.83,0
1247,search,386.85,301.41,301.63,1
1248,search,460.04,343.69,424.21,1
1249,email,297.2,205.4,473.61,1
1250,search,167.49,250.23,488.53,1
1251,search,367.49,108.19,441.9,1
1252,email,86.0,293.69,209.12,0
1253,display,374.06,63.36,279.71,0
1254,email,483.97,14.97,33.81,0
1255,display,194.92,334.93,410.85,1
1256,social,36.97,97.26,264.88,0
1257,display,222.49,239.65,284.44,0
1258,email,164.84,72.41,187.82,0
1259,email,335.84,330.09,323.08,1
1260,display,385.18,255.85,297.47,1
1261,display,202.62,83.7,126.06,0
1262,email,363.79,448.84,18.7,1
1263,display,268.58,287.29,165.57,0
1264,email,409.46,226.73,36.81,0
1265,social,283.23,346.97,437.26,1
1266,social,132.63,71.94,150.85,0
1267,search,356.55,448.71,243.94,1
1268,social,336.66,414.17,38.15,0
1269,search,13.03,339.69,162.95,0
1270,email,229.25,377.34,222.94,1
1271,display,482.21,99.57,211.24,0
1272,display,176.93,385.32,415.38,1
1273,display,46.68,202.54,191.97,0
1274,email,190.53,402.13,254.4,1
1275,email,196.51,187.25,266.05,0
1276,social,491.27,333.28,79.12,1
1277,display,331.1,311.07,100.64,0
1278,display,358.42,188.98,140.87,0
1279,social,357.83,269.71,286.63,1
1280,search,266.11,244.07,183.31,0
1281,email,472.64,77.96,148.86,0
1282,display,407.36,21.09,331.29,0
1283,social,492.49,58.45,485.54,1
1284,social,166.96,256.24,417.48,1
1285,email,491.24,183.36,97.71,0
1286,email,119.03,296.5,357.44,0
1287,display,433.9,169.51,48.72,0
1288,search,476.27,252.0,198.38,1
1289,search,190.48,186.25,129.19,0
1290,display,118.46,487.05,386.01,1
1291,display,472.52,456.32,318.17,1
1292,search,109.03,193.13,37.87,0
1293,email,97.5,460.39,433.7,1
1294,email,424.73,498.86,119.15,1
1295,email,83.93,226.97,212.58,0
1296,search,106.15,368.28,399.2,1
1297,search,327.66,362.91,287.45,1
1298,email,13.95,139.75,495.58,0
1299,email,162.98,372.92,13.38,0
1300,email,67.73,499.69,467.4,1
1301,display,312.01,185.17,378.16,1
1302,search,187.42,258.04,13.74,0
1303,display,175.88,472.81,31.0,0
1304,display,92.65,270.87,62.44,0
1305,search,194.58,34.59,476.33,0
1306,display,103.49,489.4,261.94,1
1307,social,44.79,123.4,146.41,0
1308,social,117.27,381.87,346.69,1
1309,display,461.12,423.93,100.96,1
1310,display,388.36,413.51,236.9,1
1311,display,158.22,362.74,223.42,0
1312,email,231.95,266.81,20.04,0
1313,social,227.04,495.94,313.72,1
1314,social,210.9,328.15,93.67,0
1315,display,417.45,78.72,366.97,1
1316,email,379.4,452.44,112.98,1
1317,email,20.8,24.16,198.17,0
1318,email,120.76,189.34,110.4,0
1319,display,66.27,88.22,299.44,0
1320,email,59.32,466.36,331.55,1
1321,search,369.51,290.29,426.75,1
1322,email,176.08,109.81,39.92,0
1323,email,264.13,166.22,273.45,0
1324,display,190.57,213.84,211.24,0
1325,display,142.13,437.83,106.64,0
1326,social,123.27,456.95,80.28,0
1327,social,217.26,284.62,170.66,0
1328,display,167.76,334.12,65.38,0
1329,display,27.43,285.54,267.37,0
1330,search,208.18,213.25,417.12,1
1331,social,342.12,261.26,131.71,0
1332,display,64.49,98.32,288.79,0
1333,search,346.98,200.37,473.59,1
1334,social,328.92,246.2,434.05,1
1335,display,452.77,252.02,118.4,1
1336,display,348.11,372.09,224.2,1
1337,search,373.89,375.18,228.49,1
1338,search,338.21,51.56,204.3,0
1339,social,63.44,176.65,258.3,0
1340,social,374.2,119.39,456.87,1
1341,email,137.44,309.3,313.22,0
1342,social,159.96,106.21,176.09,0
1343,social,454.03,422.19,319.75,1
1344,email,323.24,78.16,138.27,0
1345,email,448.24,335.43,58.04,1
1346,social,220.09,256.61,300.16,0
1347,social,491.25,110.71,298.82,1
1348,search,436.57,338.02,280.16,1
1349,search,224.45,187.44,196.26,0
1350,display,298.34,289.46,19.66,0
1351,social,18.66,194.27,296.22,0
1352,display,61.34,279.54,378.37,0
1353,email,110.93,230.82,117.94,0
1354,social,475.92,430.91,413.57,1
1355,email,480.85,144.22,483.09,1
1356,email,368.52,375.36,363.95,1
1357,social,120.76,174.69,39.68,0
1358,social,295.58,389.75,357.64,1
1359,search,310.83,156.51,176.95,0
1360,email,103.19,91.7,420.86,0
1361,email,274.38,488.44,43.13,1
1362,display,364.68,425.4,17.42,1
1363,social,204.72,59.86,248.21,0
1364,email,365.7,418.32,489.95,1
1365,social,258.05,292.62,403.92,1
1366,search,194.37,493.45,350.7,1
1367,email,209.94,86.18,174.6,0
1368,search,94.34,366.7,162.34,0
1369,email,184.01,342.03,474.28,1
1370,display,375.06,499.09,271.67,1
1371,social,294.45,334.6,289.79,1
1372,social,14.95,220.85,448.49,0
1373,display,131.26,104.37,221.4,0
1374,social,244.9,311.54,332.93,1
1375,email,167.06,425.18,415.38,1
1376,search,205.46,385.88,62.77,0
1377,social,280.72,29.55,108.23,0
1378,display,124.45,114.34,360.75,0
1379,search,460.35,447.34,285.19,1
1380,display,65.14,195.86,466.73,0
1381,search,273.24,84.39,136.65,0
1382,search,410.55,216.06,195.64,1
1383,email,399.53,89.84,256.39,0
1384,email,245.58,475.56,24.53,0
1385,email,438.54,14.71,358.51,1
1386,search,235.42,225.2,220.51,0
1387,social,231.05,321.96,417.28,1
1388,search,471.5,453.14,16.03,1
1389,email,42.49,193.24,135.16,0
1390,display,59.66,46.66,278.83,0
1391,search,120.64,182.82,76.48,0
1392,display,352.67,278.0,345.56,1
1393,search,404.22,40.18,435.75,1
1394,display,299.63,453.76,131.7,1
1395,search,285.61,207.32,167.3,0
1396,display,284.53,202.32,59.38,0
1397,email,126.75,277.44,190.01,0
1398,search,115.26,318.78,106.47,0
1399,display,220.51,343.18,237.88,0
1400,search,197.76,418.22,172.26,0
1401,search,273.56,177.89,198.78,0
1402,search,62.37,497.61,207.93,0
1403,display,240.87,202.52,14.0,0
1404,social,163.25,247.53,154.39,0
1405,email,386.61,493.23,108.99,1
1406,social,58.46,159.58,396.56,0
1407,email,26.09,120.18,459.03,0
1408,email,158.21,130.54,52.72,0
1409,email,116.67,484.12,208.12,1
1410,email,185.16,220.44,424.1,1
1411,search,280.32,74.32,312.61,0
1412,email,405.16,406.65,103.84,1
1413,email,396.18,265.64,32.99,0
1414,search,357.12,271.74,432.69,1
1415,display,329.5,303.35,342.5,1
1416,social,256.34,430.98,124.11,1
1417,social,463.28,212.34,12.82,0
1418,search,495.47,49.24,359.01,1
1419,social,495.59,186.76,237.51,1
1420,display,258.97,66.14,468.9,0
1421,search,72.08,378.16,74.51,0
1422,display,397.39,86.45,466.39,1
1423,social,337.77,136.14,486.04,1
1424,email,383.26,279.79,351.2,1
1425,display,429.54,81.95,497.84,1
1426,email,52.9,491.36,141.21,0
1427,display,300.03,64.25,120.03,0
1428,social,134.46,19.21,148.81,0
1429,display,298.61,36.19,435.03,0
1430,social,323.72,486.99,365.67,1
1431,display,63.62,331.71,186.92,0
1432,email,390.43,446.31,430.21,1
1433,social,200.79,365.71,363.91,1
1434,email,444.46,192.96,185.37,1
1435,search,55.85,29.65,492.11,0
1436,display,143.12,487.79,371.89,1
1437,display,408.79,231.02,494.17,1
1438,social,391.71,267.39,256.55,1
1439,search,253.52,416.12,67.09,0
1440,display,126.96,136.78,181.62,0
1441,search,38.03,43.19,262.44,0
1442,display,482.76,205.07,177.78,1
1443,search,424.67,16.74,102.34,0
1444,search,184.06,34.5,459.33,0
1445,social,36.19,110.35,253.72,0
1446,social,113.07,100.56,322.96,0
1447,social,472.99,217.98,435.2,1
1448,search,336.7,280.51,391.48,1
1449,social,261.41,123.44,259.3,0
1450,social,164.68,265.23,183.42,0
1451,social,363.06,85.79,425.45,1
1452,search,409.02,131.49,30.13,0
1453,email,311.58,401.73,418.58,1
1454,display,441.48,13.25,137.36,0
1455,social,355.12,489.64,332.84,1
1456,search,196.69,498.55,376.73,1
1457,display,13.49,343.41,212.46,0
1458,display,430.48,499.9,290.95,1
1459,search,315.93,442.95,123.41,1
1460,search,339.17,38.2,86.43,0
1461,social,355.14,52.21,137.48,0
1462,email,433.56,95.97,354.12,1
1463,email,474.18,233.18,460.25,1
1464,display,258.42,484.68,231.75,1
1465,email,337.32,460.47,248.64,1
1466,social,152.49,17.43,358.52,0
1467,email,210.05,228.13,330.9,0
1468,email,171.13,60.08,76.77,0
1469,display,83.2,209.15,48.67,0
1470,search,291.94,443.47,440.98,1
1471,search,239.2,454.36,120.67,1
1472,social,123.72,428.98,83.58,0
1473,search,393.26,372.62,68.54,1
1474,social,303.85,26.26,492.96,1
1475,display,264.86,363.45,329.11,1
1476,search,249.55,173.25,394.81,1
1477,social,302.97,297.19,232.42,1
1478,email,448.7,241.9,469.23,1
1479,social,471.54,44.01,368.85,1
1480,search,491.16,423.46,453.16,1
1481,search,115.13,105.22,395.64,0
1482,email,406.58,26.99,304.31,0
1483,social,125.64,308.39,264.8,0
1484,email,367.17,18.18,381.72,0
1485,social,395.16,490.84,184.02,1
1486,search,369.23,203.58,251.96,1
1487,email,121.73,209.18,283.04,0
1488,email,208.8,410.29,473.23,1
1489,email,92.22,482.82,375.26,1
1490,email,330.83,158.3,410.8,1
1491,social,397.75,249.32,222.97,1
1492,search,376.45,172.83,71.0,0
1493,search,249.99,416.05,107.53,0
1494,search,167.78,339.95,33.11,0
1495,search,93.82,152.99,433.22,0
1496,search,333.55,24.71,422.13,0
1497,display,349.21,217.46,195.35,0
1498,social,401.96,462.23,402.36,1
1499,social,485.53,388.92,158.8,1
1500,social,114.16,36.29,440.06,0
1501,email,108.75,302.44,216.54,0
1502,display,176.33,321.5,417.42,1
1503,display,108.03,459.87,207.82,0
1504,search,293.61,204.41,478.96,1
1505,email,219.96,141.69,334.23,0
1506,display,458.56,377.87,267.36,1
1507,social,275.73,75.21,461.28,1
1508,email,214.23,105.11,432.19,0
1509,social,77.57,104.77,276.83,0
1510,display,49.64,161.76,284.87,0
1511,email,492.69,258.82,217.72,1
1512,social,357.61,251.53,433.16,1
1513,social,226.44,441.38,204.03,1
1514,search,476.21,233.02,371.81,1
1515,search,125.17,456.94,404.55,1
1516,search,284.77,297.19,259.39,1
1517,display,481.08,177.14,78.91,0
1518,search,240.02,129.94,331.22,0
1519,display,371.7,167.46,367.98,1
1520,search,163.91,275.38,482.04,1
1521,display,340.37,374.65,292.71,1
1522,display,314.11,477.84,105.02,1
1523,display,289.46,443.95,116.24,1
1524,search,432.0,44.28,274.07,0
1525,search,396.72,392.29,192.87,1
1526,email,316.01,423.88,457.47,1
1527,social,464.81,80.95,62.11,0
1528,display,276.79,226.61,396.98,1
1529,social,262.88,283.75,31.32,0
1530,display,218.55,402.11,32.12,0
1531,social,109.45,232.39,69.77,0
1532,email,472.26,68.94,494.41,1
1533,search,335.74,413.48,458.84,1
1534,social,103.99,54.98,379.85,0
1535,email,498.42,131.6,224.83,1
1536,display,228.07,88.19,150.69,0
1537,social,370.36,352.04,234.8,1
1538,email,222.5,298.24,102.81,0
1539,social,231.17,254.8,256.22,0
1540,email,394.27,373.19,228.83,1
1541,display,307.35,486.16,281.46,1
1542,social,56.8,143.14,413.62,0
1543,display,190.88,274.38,324.66,0
1544,search,465.32,173.39,248.53,1
1545,display,120.08,254.25,80.27,0
1546,display,248.6,240.59,175.92,0
1547,social,25.36,424.31,368.92,1
1548,email,356.69,100.6,269.83,0
1549,search,338.57,428.95,378.32,1
1550,display,47.35,116.01,404.01,0
1551,email,147.67,384.43,273.59,1
1552,search,260.06,154.37,143.38,0
1553,display,372.38,224.21,312.23,1
1554,social,489.82,467.83,464.57,1
1555,display,476.42,321.46,335.2,1
1556,display,116.85,18.56,493.92,0
1557,display,98.4,286.65,98.72,0
1558,display,363.68,258.89,457.07,1
1559,display,265.79,24.66,491.03,0
1560,email,496.95,23.05,455.09,1
1561,social,294.85,46.8,462.86,1
1562,social,210.19,467.53,280.75,1
1563,display,257.0,452.27,279.91,1
1564,search,247.63,131.67,40.85,0
1565,social,185.99,494.12,214.86,1
1566,email,40.36,77.39,86.47,0
1567,search,432.73,313.87,201.15,1
1568,social,280.61,381.65,280.15,1
1569,email,313.97,419.34,85.48,1
1570,email,165.72,113.3,421.76,0
1571,social,345.39,80.27,370.45,0
1572,email,320.37,117.43,455.94,1
1573,search,355.33,198.39,371.15,1
1574,email,226.54,425.66,226.85,1
1575,search,255.8,498.03,187.14,1
1576,email,255.11,391.76,216.76,1
1577,search,23.96,343.46,184.26,0
1578,email,34.04,487.73,244.03,0
1579,search,250.53,306.36,147.89,0
1580,display,152.02,221.35,456.51,1
1581,social,215.57,347.9,332.87,1
1582,search,437.16,474.49,114.18,1
1583,email,415.06,389.54,171.99,1
1584,search,196.55,425.4,70.89,0
1585,search,154.11,207.27,136.25,0
1586,display,289.65,39.39,198.16,0
1587,email,398.03,223.55,363.32,1
1588,display,116.22,317.39,206.28,0
1589,display,152.95,45.91,16.12,0
1590,email,267.41,23.79,339.89,0
1591,search,358.86,361.88,251.86,1
1592,social,84.12,45.2,129.62,0
1593,email,211.53,228.29,68.99,0
1594,search,439.83,37.82,477.88,1
1595,search,146.37,87.35,434.25,0
1596,social,141.27,496.02,428.25,1
1597,social,283.51,400.6,497.08,1
1598,email,231.46,466.62,400.22,1
1599,social,344.04,337.89,148.22,1
1600,display,28.41,238.82,199.51,0
1601,search,346.11,42.92,184.92,0
1602,display,434.47,204.1,157.21,0
1603,email,317.5,205.66,156.76,0
1604,social,56.19,44.92,344.67,0
1605,social,176.26,133.5,199.75,0
1606,search,425.21,161.0,449.25,1
1607,display,186.92,34.41,251.39,0
1608,display,156.52,376.53,213.73,0
1609,email,363.81,404.21,441.84,1
1610,social,406.62,158.67,166.66,0
1611,search,361.89,432.91,243.66,1
1612,display,336.84,300.61,220.79,1
1613,display,204.72,110.07,192.73,0
1614,email,184.35,489.84,69.14,0
1615,search,281.15,297.09,473.98,1
1616,display,77.3,479.28,186.92,0
1617,search,74.42,339.29,162.05,0
1618,search,418.6,136.3,360.21,1
1619,display,237.98,486.7,475.1,1
1620,social,471.5,254.82,375.12,1
1621,display,99.13,44.6,242.69,0
1622,social,16.15,148.49,206.64,0
1623,search,198.99,499.94,388.83,1
1624,display,361.82,329.56,232.5,1
1625,search,73.31,407.63,456.95,1
1626,email,475.28,22.14,129.17,0
1627,search,227.74,62.68,372.01,0
1628,display,356.69,282.96,69.4,0
1629,email,477.19,300.84,338.29,1
1630,display,465.6,84.95,196.73,0
1631,search,340.51,48.16,224.98,0
1632,email,74.04,399.26,211.82,0
1633,display,177.02,36.92,485.9,0
1634,email,486.56,15.77,457.26,1
1635,social,451.87,262.84,156.39,1
1636,display,263.38,134.97,185.47,0
1637,social,209.62,400.16,425.12,1
1638,email,393.47,49.0,343.49,0
1639,email,433.67,469.88,357.31,1
1640,search,337.12,302.1,89.99,0
1641,email,126.18,409.28,428.61,1
1642,search,339.3,292.36,140.25,0
1643,display,316.95,465.4,467.06,1
1644,search,241.75,480.54,267.89,1
1645,search,322.83,193.54,45.7,0
1646,email,20.21,182.96,284.98,0
1647,social,216.96,453.75,258.41,1
1648,social,283.65,335.48,443.88,1
1649,social,46.35,420.88,388.78,1
1650,search,14.36,244.3,365.51,0
1651,search,246.26,275.35,193.82,0
1652,social,256.55,148.13,101.47,0
1653,display,456.67,98.25,382.05,1
1654,search,126.16,458.98,292.35,1
1655,social,116.61,422.63,142.59,0
1656,display,432.01,337.2,229.32,1
1657,email,389.62,485.97,294.89,1
1658,display,136.92,116.19,240.0,0
1659,email,164.52,138.04,404.76,0
1660,social,256.16,424.36,159.46,1
1661,email,215.11,244.85,423.23,1
1662,social,309.93,24.65,16.22,0
1663,social,269.32,406.59,405.67,1
1664,email,18.46,433.42,496.74,1
1665,social,169.23,151.51,468.96,0
1666,search,82.88,10.02,160.14,0
1667,email,488.19,22.04,264.39,0
1668,email,189.31,221.61,456.16,1
1669,social,45.47,273.0,236.32,0
1670,social,122.16,458.6,226.92,1
1671,search,310.76,18.89,412.71,0
1672,display,272.3,463.13,249.75,1
1673,display,22.98,489.77,188.06,0
1674,search,416.12,440.83,291.5,1
1675,display,336.79,218.02,170.85,0
1676,social,96.94,85.44,400.27,0
1677,search,110.34,106.71,261.88,0
1678,display,335.4,153.13,380.11,1
1679,search,16.57,167.5,111.42,0
1680,social,274.57,239.06,327.53,1
1681,social,97.44,289.99,276.02,0
1682,email,163.1,295.04,463.38,1
1683,email,132.65,53.4,231.62,0
1684,social,55.06,281.61,366.16,0
1685,search,328.43,435.38,102.54,1
1686,display,109.18,211.77,178.55,0
1687,social,59.94,83.02,366.82,0
1688,email,400.39,436.17,198.56,1
1689,search,253.94,479.7,183.74,1
1690,email,103.77,176.73,347.7,0
1691,email,226.69,392.51,487.02,1
1692,social,180.29,456.11,435.54,1
1693,display,188.71,179.83,356.99,0
1694,social,268.56,70.71,402.75,0
1695,email,243.06,330.21,169.87,0
1696,email,451.7,308.78,89.82,1
1697,display,440.52,141.94,53.11,0
1698,social,395.14,114.37,345.78,1
1699,display,89.98,269.96,454.65,1
1700,email,434.67,345.41,33.37,1
1701,social,420.69,185.91,408.58,1
1702,email,71.59,54.93,457.72,0
1703,email,442.69,162.31,274.56,1
1704,social,265.39,426.76,181.74,1
1705,social,438.57,465.76,309.87,1
1706,display,340.23,348.06,29.79,0
1707,social,416.96,60.43,183.99,0
1708,search,356.31,436.34,226.5,1
1709,social,198.33,348.92,236.31,0
1710,social,265.23,110.18,299.82,0
1711,email,218.34,452.1,321.08,1
1712,display,280.18,173.25,70.51,0
1713,search,384.69,70.75,343.98,0
1714,search,152.09,116.21,480.18,0
1715,display,376.19,433.38,370.96,1
1716,email,332.09,305.58,325.54,1
1717,search,133.97,333.62,307.62,0
1718,search,86.8,225.21,96.92,0
1719,email,224.75,118.32,186.19,0
1720,search,442.16,393.63,284.99,1
1721,social,330.56,162.68,422.28,1
1722,display,314.57,138.57,62.34,0
1723,display,204.17,74.79,451.64,0
1724,email,33.92,17.66,95.57,0
1725,email,457.12,482.6,264.97,1
1726,email,405.97,165.08,413.93,1
1727,email,217.86,472.61,63.24,0
1728,social,140.83,324.16,479.09,1
1729,email,431.14,20.51,271.96,0
1730,social,261.75,82.08,403.73,0
1731,display,386.31,199.33,143.99,0
1732,display,296.48,448.96,378.98,1
1733,social,205.14,123.02,105.58,0
1734,email,368.67,22.25,389.71,0
1735,email,303.18,380.91,374.86,1
1736,search,360.83,295.56,324.86,1
1737,social,355.17,213.38,69.66,0
1738,display,266.58,184.34,375.92,1
1739,social,362.1,320.83,12.5,0
1740,social,102.32,275.4,132.73,0
1741,display,185.5,161.62,66.28,0
1742,search,208.63,360.81,73.34,0
1743,display,55.89,191.11,51.59,0
1744,email,277.83,283.93,400.68,1
1745,display,251.52,98.43,118.54,0
1746,display,413.74,237.43,336.21,1
1747,email,214.07,220.44,264.06,0
1748,display,32.26,339.31,441.94,1
1749,search,163.4,259.54,450.69,1
1750,display,378.96,118.51,192.77,0
1751,display,20.37,185.55,476.23,0
1752,search,213.2,61.35,219.02,0
1753,social,356.0,17.19,242.86,0
1754,email,414.89,496.84,11.27,1
1755,email,400.52,276.63,298.77,1
1756,social,301.4,269.0,490.87,1
1757,display,372.52,252.71,106.47,0
1758,email,10.62,473.35,282.72,0
1759,social,140.72,446.64,180.78,0
1760,social,62.31,435.19,154.43,0
1761,email,440.32,497.74,112.31,1
1762,social,369.88,374.52,50.16,0
1763,social,157.43,381.64,349.24,1
1764,social,173.73,125.56,266.31,0
1765,email,101.94,182.92,10.65,0
1766,social,291.35,327.7,140.99,0
1767,email,312.22,362.35,184.87,1
1768,display,257.37,194.27,121.78,0
1769,search,146.71,471.79,428.61,1
1770,social,347.09,151.43,443.08,1
1771,search,39.91,157.3,430.13,0
1772,email,231.65,151.93,83.13,0
1773,search,165.02,415.51,40.02,0
1774,search,441.59,180.24,150.32,0
1775,social,437.07,32.62,40.26,0
1776,email,115.79,413.81,72.21,0
1777,social,335.52,318.41,95.15,0
1778,social,339.61,67.01,133.5,0
1779,social,68.24,167.43,244.54,0
1780,search,264.64,112.51,312.98,0
1781,search,247.5,270.05,306.97,1
1782,email,34.21,269.95,273.11,0
1783,social,30.23,345.0,385.74,0
1784,display,474.41,382.22,481.43,1
1785,email,302.31,146.44,212.74,0
1786,display,257.06,395.2,20.03,0
1787,display,332.97,181.24,288.16,0
1788,social,283.2,421.93,418.08,1
1789,search,111.16,409.43,76.71,0
1790,display,286.44,33.21,137.04,0
1791,email,20.71,132.49,312.76,0
1792,email,41.05,266.87,473.65,0
1793,email,190.97,480.54,219.4,1
1794,display,339.48,176.11,124.65,0
1795,social,454.09,463.22,169.13,1
1796,email,289.02,302.63,375.49,1
1797,search,133.48,490.76,248.35,1
1798,search,245.86,70.11,41.77,0
1799,search,241.68,40.12,183.86,0
1800,email,433.57,367.53,29.94,1
1801,display,213.96,42.05,468.47,0
1802,search,266.26,280.69,314.68,1
1803,email,259.25,238.62,60.21,0
1804,email,409.82,392.29,85.29,1
1805,social,136.81,198.11,480.02,1
1806,search,416.8,80.45,433.4,1
1807,social,26.6,466.74,488.42,1
1808,social,80.35,126.69,421.53,0
1809,email,142.41,38.81,381.45,0
1810,social,457.13,379.57,282.18,1
1811,search,470.2,234.45,211.33,1
1812,search,440.89,382.87,43.65,1
1813,display,421.2,123.69,491.77,1
1814,search,95.07,104.36,183.8,0
1815,search,472.5,258.4,279.73,1
1816,search,386.24,424.98,296.46,1
1817,display,420.96,495.65,222.53,1
1818,search,365.71,393.42,355.06,1
1819,email,333.68,268.48,148.81,0
1820,email,392.05,85.95,171.57,0
1821,display,202.48,60.03,52.09,0
1822,email,393.72,419.56,64.16,1
1823,search,162.51,445.61,468.34,1
1824,search,153.69,210.53,201.27,0
1825,social,35.31,75.48,464.84,0
1826,display,147.19,329.12,466.21,1
1827,display,45.35,454.54,376.46,1
1828,search,445.46,303.27,31.9,0
1829,social,109.2,175.29,237.05,0
1830,search,356.18,42.27,151.68,0
1831,display,80.13,236.57,375.21,0
1832,display,28.08,438.32,374.31,1
1833,social,434.13,335.51,213.3,1
1834,email,176.98,457.45,456.08,1
1835,social,277.36,468.73,342.49,1
1836,display,232.04,487.96,140.2,1
1837,email,12.36,282.51,206.15,0
1838,email,85.95,190.91,24.02,0
1839,display,303.25,242.7,112.03,0
1840,search,413.3,360.77,367.12,1
1841,email,250.64,366.4,45.37,0
1842,search,193.8,359.62,402.7,1
1843,search,240.51,121.28,294.0,0
1844,search,259.89,143.73,367.7,0
1845,social,367.11,30.22,359.32,0
1846,social,257.39,84.92,403.06,0
1847,social,409.0,447.48,300.47,1
1848,display,309.49,409.9,327.82,1
1849,display,452.93,483.24,253.81,1
1850,email,50.87,298.63,202.09,0
1851,display,69.57,480.95,326.75,1
1852,email,208.27,65.06,357.72,0
1853,display,155.56,381.29,127.61,0
1854,email,410.29,32.81,361.75,1
1855,email,82.62,56.8,48.87,0
1856,social,212.79,168.56,488.94,1
1857,email,475.58,217.75,456.21,1
1858,email,232.4,272.33,410.71,1
1859,email,434.75,234.73,265.6,1
1860,display,495.07,322.86,295.65,1
1861,email,229.22,198.34,148.59,0
1862,search,208.26,362.2,455.05,1
1863,search,475.74,143.21,324.82,1
1864,social,74.83,251.71,432.14,0
1865,display,201.94,182.98,31.43,0
1866,display,480.38,158.01,320.58,1
1867,social,169.15,477.62,381.71,1
1868,display,71.31,98.73,257.2,0
1869,email,84.74,321.49,179.65,0
1870,social,492.54,165.08,230.56,1
1871,search,487.67,63.83,167.21,0
1872,social,483.76,442.32,10.54,1
1873,email,466.14,169.38,479.6,1
1874,search,70.94,223.52,442.89,0
1875,search,39.49,206.76,108.48,0
1876,search,403.81,452.04,48.7,1
1877,search,41.08,318.8,484.74,1
1878,social,489.26,445.33,371.31,1
1879,email,35.42,457.07,143.54,0
1880,email,407.65,21.76,314.69,0
1881,search,65.49,328.17,259.22,0
1882,search,442.19,33.71,173.25,0
1883,search,426.5,347.74,209.96,1
1884,search,117.33,51.83,444.22,0
1885,display,370.1,161.06,107.96,0
1886,email,225.58,60.02,124.46,0
1887,social,30.94,262.76,15.51,0
1888,social,286.82,188.41,315.01,0
1889,display,21.19,13.83,14.1,0
1890,display,187.97,101.05,497.97,0
1891,email,479.83,278.01,369.4,1
1892,search,306.66,119.25,473.89,1
1893,search,142.62,81.76,337.08,0
1894,display,149.44,325.69,410.64,1
1895,display,219.79,29.44,129.95,0
1896,search,305.74,377.9,300.71,1
1897,email,126.6,363.65,351.54,1
1898,display,204.26,479.73,369.43,1
1899,email,197.41,133.12,316.83,0
1900,social,403.25,166.54,65.37,0
1901,social,69.07,90.29,247.44,0
1902,search,56.68,66.08,336.63,0
1903,social,274.53,451.41,469.7,1
1904,email,398.79,194.04,79.08,0
1905,display,48.58,331.88,198.33,0
1906,search,451.61,199.81,217.24,1
1907,search,494.32,469.3,58.56,1
1908,email,43.52,216.34,52.81,0
1909,display,89.19,280.63,220.42,0
1910,display,388.64,297.71,392.93,1
1911,email,54.39,377.68,266.55,0
1912,social,49.3,372.2,279.93,0
1913,email,215.26,251.4,66.91,0
1914,display,178.02,81.43,102.16,0
1915,display,292.86,171.69,243.52,0
1916,email,389.89,272.9,460.57,1
1917,display,479.46,216.17,388.58,1
1918,display,353.45,32.68,474.14,1
1919,display,142.37,335.45,56.54,0
1920,search,458.71,256.2,204.15,1
1921,email,315.88,49.3,199.95,0
1922,display,177.33,351.76,36.54,0
1923,display,480.31,433.42,360.47,1
1924,display,311.21,316.72,27.09,0
1925,social,339.89,293.52,277.59,1
1926,email,451.44,292.66,237.65,1
1927,display,126.09,481.71,264.61,1
1928,display,434.19,465.37,436.73,1
1929,social,154.6,185.2,466.59,1
1930,search,227.08,60.73,43.5,0
1931,social,15.41,175.52,204.2,0
1932,display,465.62,114.08,446.27,1
1933,search,118.87,279.46,396.83,0
1934,social,169.87,481.11,303.46,1
1935,social,398.4,266.64,425.28,1
1936,search,337.53,48.93,17.26,0
1937,display,78.31,369.19,467.19,1
1938,social,82.7,63.06,379.88,0
1939,search,212.44,103.29,246.02,0
1940,social,147.06,116.78,416.58,0
1941,email,423.04,357.92,124.29,1
1942,email,321.13,58.56,488.91,1
1943,search,425.94,480.75,135.67,1
1944,email,363.83,167.84,11.66,0
1945,email,292.87,251.05,194.37,0
1946,email,293.23,307.49,358.6,1
1947,search,260.19,46.21,320.66,0
1948,email,28.38,360.16,269.97,0
1949,search,450.25,410.47,91.76,1
1950,social,153.61,294.78,106.24,0
1951,social,14.78,26.95,71.33,0
1952,display,101.62,359.83,275.62,0
1953,search,65.74,286.02,463.89,1
1954,display,363.14,252.39,24.33,0
1955,display,430.89,154.8,30.27,0
1956,search,471.85,448.48,192.9,1
1957,email,71.67,273.01,211.23,0
1958,social,17.32,153.33,491.42,0
1959,display,247.92,471.65,347.03,1
1960,search,162.08,331.87,23.53,0
1961,social,311.99,289.81,99.24,0
1962,social,393.8,118.22,437.44,1
1963,display,353.75,293.99,162.88,1
1964,search,318.5,302.02,31.81,0
1965,email,73.97,497.73,186.54,0
1966,email,31.48,80.44,78.52,0
1967,email,407.22,36.64,132.04,0
1968,social,409.06,297.76,487.54,1
1969,social,16.73,153.33,307.94,0
1970,display,315.92,470.95,428.86,1
1971,search,358.27,96.93,484.46,1
1972,social,159.1,342.14,96.86,0
1973,search,292.01,116.28,73.9,0
1974,search,403.71,384.11,80.43,1
1975,display,96.59,189.35,119.84,0
1976,email,84.47,263.29,75.64,0
1977,email,61.19,121.17,255.57,0
1978,search,267.48,52.46,441.74,0
1979,social,272.98,225.36,187.17,0
1980,display,43.99,309.47,56.38,0
1981,social,52.14,422.51,286.17,0
1982,email,58.36,436.78,369.16,1
1983,display,173.87,369.03,216.98,0
1984,email,12.83,89.05,277.22,0
1985,email,298.53,67.72,462.25,1
1986,social,254.06,160.12,47.3,0
1987,search,476.29,303.25,108.73,1
1988,display,334.6,101.02,322.4,0
1989,display,294.51,478.84,362.76,1
1990,social,193.0,366.3,326.52,1
1991,social,255.28,485.2,95.98,1
1992,social,170.08,441.6,188.6,0
1993,social,13.55,124.25,149.92,0
1994,social,137.2,59.51,148.13,0
1995,search,96.56,95.28,72.33,0
1996,search,450.98,300.06,305.08,1
1997,email,497.24,372.4,226.34,1
1998,display,13.32,204.2,475.14,0
1999,social,434.24,458.69,386.87,1
2000,social,301.94,458.36,360.24,1
